{"ticker": "MSFT", "mom1": -0.08237948826339425, "mom3": -0.13902894346399342, "mom6": -0.11795151538293924, "mom12": 0.042785113949273645, "ret20": -0.08604302543795062, "vol30": 0.01151338077277296, "vol60": 0.012775732590837597, "dd180": -0.17918134476085104, "corr_spy": 0.4443367986680356, "asof": "2026-01-22T07:59:03Z"}