{"ticker": "MRK", "mom1": 0.21078770632982424, "mom3": 0.25850589429552073, "mom6": 0.39153413433035644, "mom12": 0.07465905879759971, "ret20": 0.21499772037791143, "vol30": 0.01877171395511961, "vol60": 0.020390841324341734, "dd180": -0.22491827116200383, "corr_spy": 0.10695512682683826, "asof": "2025-12-01T09:08:02Z"}