{"ticker": "VRTX", "mom1": 0.0536367586356723, "mom3": 0.08410786690137062, "mom6": -0.006435182359483482, "mom12": -0.14574586368236409, "ret20": 0.0412401143798411, "vol30": 0.014092253798862052, "vol60": 0.012745759653136745, "dd180": -0.28655402994068035, "corr_spy": 0.20804672601494387, "asof": "2025-11-12T05:29:34Z"}