{"ticker": "ALNY", "mom1": -0.027959994964386392, "mom3": 0.04492283290228505, "mom6": 0.6935847898351277, "mom12": 0.6602380801571281, "ret20": -0.03709300683459571, "vol30": 0.022089583401795395, "vol60": 0.01957448586503402, "dd180": -0.2283453804451094, "corr_spy": 0.07186139873607611, "asof": "2025-11-12T05:29:36Z"}