{"ticker": "ENLV", "mom1": 0.1549295333219609, "mom3": 0.13888886129414701, "mom6": 0.23618091776775518, "mom12": 0.2602459070205416, "ret20": 0.13888886129414701, "vol30": 0.07265909215908015, "vol60": 0.053756427320242564, "dd180": -0.5071428632249636, "corr_spy": 0.25352479442930387, "asof": "2025-11-24T19:05:09Z"}