{"ticker": "AMGN", "mom1": 0.08228996448358705, "mom3": 0.1326124686472705, "mom6": 0.17932301826126018, "mom12": 0.03550843509095847, "ret20": 0.08566964446637648, "vol30": 0.020916718836677846, "vol60": 0.01744242817908793, "dd180": -0.19880254849536377, "corr_spy": 0.20470864629300428, "asof": "2025-11-06T08:36:37Z"}