{"ticker": "LLY", "mom1": 0.3239208885796656, "mom3": 0.47021399266916375, "mom6": 0.4632764570647674, "mom12": 0.43508836456530187, "ret20": 0.27536932185427365, "vol30": 0.017926374192628686, "vol60": 0.02035017959292074, "dd180": -0.30259470605752353, "corr_spy": 0.12087782504340576, "asof": "2025-12-01T09:12:04Z"}