{"ticker": "SRPT", "mom1": -0.18123860237546563, "mom3": -0.11862745693856513, "mom6": -0.5033149402404502, "mom12": -0.8506892558077357, "ret20": -0.1609893006910601, "vol30": 0.07980742901382742, "vol60": 0.06300881006037494, "dd180": -0.8891984721086705, "corr_spy": 0.27514042537407196, "asof": "2025-11-12T05:29:37Z"}