{"ticker": "NVO", "mom1": -0.10520380466427903, "mom3": -0.15459707243313836, "mom6": -0.29279878029370965, "mom12": -0.5284271944046008, "ret20": -0.1006419582420296, "vol30": 0.02190931556376846, "vol60": 0.022381321682243323, "dd180": -0.44009871240675996, "corr_spy": 0.26669091212157003, "asof": "2025-11-24T14:08:46Z"}