{"ticker": "BMRN", "mom1": 0.04728311737201474, "mom3": -0.05780444212669045, "mom6": -0.08113078911270832, "mom12": -0.17941442632517135, "ret20": 0.0468839151370557, "vol30": 0.017556395819055548, "vol60": 0.017165343297544256, "dd180": -0.2934230702912034, "corr_spy": 0.17687811129286332, "asof": "2025-11-12T05:29:35Z"}