{"ticker": "UCB", "mom1": -0.038742436399553215, "mom3": -0.033724776467162876, "mom6": 0.03321810089590671, "mom12": -0.002819466078377242, "ret20": -0.06574077061119687, "vol30": 0.019759115656932752, "vol60": 0.01680758805023539, "dd180": -0.26140947230314865, "corr_spy": 0.5494618337027731, "asof": "2025-11-12T05:29:34Z"}