{"ticker": "PTCT", "mom1": 0.20060240043266941, "mom3": 0.6118075757451886, "mom6": 0.6656916047648485, "mom12": 0.8999047416615316, "ret20": 0.1884317090730423, "vol30": 0.017627387985952325, "vol60": 0.021816438540355466, "dd180": -0.36697569029541516, "corr_spy": 0.11404039840726375, "asof": "2025-11-24T19:41:31Z"}