{"ticker": "AAPL", "mom1": 0.06113707458991957, "mom3": 0.01991860823850744, "mom6": 0.20102760872630587, "mom12": 0.18394725702104386, "ret20": 0.05978701676851661, "vol30": 0.01405081526870908, "vol60": 0.01168771928491864, "dd180": -0.13798524235020476, "corr_spy": 0.49371579261228704, "asof": "2026-02-10T13:33:04Z"}